Worker ID,Worker Type,Prehire Effective Date,Recruiting Source,Recruited by Worker Type,Recruited by Worker ID,Country ISO Code,Prefix,Name Effective Date,Legal First Name,Legal Middle Name,Legal Last Name,Legal Secondary Name,Suffix,Legal Full Name for Singapore and Malaysia,Local Script - Legal First Name,Local Script - Legal Middle Name,Local Script - Legal Last Name,Local Script - Legal Secondary Name,Local Script - Legal First Name 2,Local Script - Legal Middle Name 2,Local Script - Legal Last Name 2,Local Script - Legal Secondary Name 2,Preferred First Name,Preferred Middle Name,Preferred Last Name,Preferred Secondary Name,Preferred Full Name for Singapore and Malaysia,Local Script - Preferred First Name,Local Script - Preferred Middle Name,Local Script - Preferred Last Name,Local Script - Preferred Secondary Name,Local Script - Preferred First Name 2,Local Script - Preferred Middle Name 2,Local Script - Preferred Last Name 2,Local Script - Preferred Secondary Name 2
E123456,EE,,,,,USA,Mr.,,John,,Doe,,,,,,,,,,,,John,,Doe,,,,,,,,,,
E123457,EE,,,,,USA,Ms.,,James,,Reagen,,,,,,,,,,,,James,,Reagen,,,,,,,,,,
E123458,EE,,,,,USA,Ms.,,Steffi,,Schmidt,,,,,,,,,,,,Steffi,,Schmidt,,,,,,,,,,
E123459,EE,,,,,USA,,,Mark,,Gibson,,,,,,,,,,,,Mark,,Gibson,,,,,,,,,,
E123460,EE,,,,,USA,,,Kim,,Hamil,,,,,,,,,,,,Kim,,Hamil,,,,,,,,,,
E123461,EE,,,,,USA,,,Robert,,Kent,,,,,,,,,,,,Robert,,Kent,,,,,,,,,,
E123462,EE,,,,,USA,,,Karen,,Davis,,,,,,,,,,,,Karen,,Davis,,,,,,,,,,
E123463,EE,,,,,USA,,,Donald,,Brown,,,,,,,,,,,,Donald,,Brown,,,,,,,,,,
E123464,EE,,,,,USA,Mr.,,Ernst,,Reyno,,,,,,,,,,,,Ernst,,Reyno,,,,,,,,,,
E123465,EE,,,,,USA,Ms.,,Susi,,Spreng,,,,,,,,,,,,Susi,,Spreng,,,,,,,,,,
