Worker ID,Worker Type,Additional Name Type,Country ISO Code,Prefix,First Name,Middle Name,Last Name,Secondary Name,Suffix,Full Name for Singapore and Malaysia,Local Script - First Name,Local Script - Middle Name,Local Script - Last Name,Local Script - Secondary Name
E123456,EE,,USA,Mr.,,,,,,,,,,
E123457,EE,,USA,Ms.,,,,,,,,,,
E123458,EE,,USA,Ms.,,,,,,,,,,
E123459,EE,,USA,,,,,,,,,,,
E123460,EE,,USA,,,,,,,,,,,
E123461,EE,,USA,,,,,,,,,,,
E123462,EE,,USA,,,,,,,,,,,
E123463,EE,,USA,,,,,,,,,,,
E123464,EE,,USA,Mr.,,,,,,,,,,
E123465,EE,,USA,Ms.,,,,,,,,,,
